ID,Feature (nl),Feature (en),Datatype,Relative importance,Variable description,Additional explanation
1,adres_aantal_brp_adres,address_number_personal_records_database_addresses,int,6.370792221,"Number of different addresses of a customer, per type (e.g., BRP address, shipping address, etc.).",n/a
2,adres_aantal_verschillende_wijken,address_number_different_districts,int,1.864203649,Number of different neighborhoods a customer has lived in.,n/a
3,adres_aantal_verzendadres,address_number_mail_address,int,4.679638485,"Number of different addresses of a customer, per type (e.g., BRP address, shipping address, etc.).",n/a
4,adres_aantal_woonadres_handmatig,address_number_residential_address_manual,int,2.38551409,"Number of different addresses of a customer, per type (e.g., BRP address, shipping address, etc.).",n/a
5,adres_dagen_op_adres,address_days_at_address,int,23.3291412,Number of days a customer lives at the current address.,n/a
6,adres_recentst_onderdeel_rdam,address_latest_part_rotterdam,int,1.403905574,The most recent address is in the municipality of Rotterdam (1.0),n/a
7,adres_recentste_buurt_groot_ijsselmonde,address_latest_neighborhood_groot_ijsselmonde,int,3.692346241,"The most recent neighborhood of the customer (e.g., Cool, Liskwartier, etc.).",n/a
8,adres_recentste_buurt_nieuwe_westen,address_latest_neighborhood_new_westen,int,0,"The most recent neighborhood of the customer (e.g., Cool, Liskwartier, etc.).",n/a
9,adres_recentste_buurt_other,address_latest_neighborhood_other,int,2.353957796,"The most recent neighborhood of the customer (e.g., Cool, Liskwartier, etc.).",n/a
10,adres_recentste_buurt_oude_noorden,address_latest_neighborhood_olde_north,int,0,"The most recent neighborhood of the customer (e.g., Cool, Liskwartier, etc.).",n/a
11,adres_recentste_buurt_vreewijk,address_latest_neighborhood_vreewijk,int,0.462877001,"The most recent neighborhood of the customer (e.g., Cool, Liskwartier, etc.).",n/a
12,adres_recentste_plaats_other,address_latest_place_other,int,0,The customer's most recent residence.,n/a
13,adres_recentste_plaats_rotterdam,address_latest_place_rotterdam,int,0.55847304,The customer's most recent residence.,n/a
14,adres_recentste_wijk_charlois,address_latest_district_charlois,int,1.092529621,"The most recent borough of the customer (e.g., City Center, North, etc.).",n/a
15,adres_recentste_wijk_delfshaven,address_latest_district_delfshaven,int,1.37830383,"The most recent borough of the customer (e.g., City Center, North, etc.).",n/a
16,adres_recentste_wijk_feijenoord,address_latest_district_feijenoord,int,2.38556766,"The most recent borough of the customer (e.g., City Center, North, etc.).",n/a
17,adres_recentste_wijk_ijsselmonde,address_latest_district_ijsselmonde,int,0.091141905,"The most recent borough of the customer (e.g., City Center, North, etc.).",n/a
18,adres_recentste_wijk_kralingen_c,address_latest_district_kralingen_c,int,0.281590185,"The most recent borough of the customer (e.g., City Center, North, etc.).",n/a
19,adres_recentste_wijk_noord,address_latest_district_north,int,1.0117449,"The most recent borough of the customer (e.g., City Center, North, etc.).",n/a
20,adres_recentste_wijk_other,address_latest_district_other,int,0.901746984,"The most recent borough of the customer (e.g., City Center, North, etc.).",n/a
21,adres_recentste_wijk_prins_alexa,address_latest_district_prins_alexa,int,1.320776833,"The most recent borough of the customer (e.g., City Center, North, etc.).",n/a
22,adres_recentste_wijk_stadscentru,address_latest_district_city_center,int,0.087876283,"The most recent borough of the customer (e.g., City Center, North, etc.).",n/a
23,adres_unieke_wijk_ratio,address_unique_districts_ratio,float,1.086052031,The number of different neighborhoods a customer has lived in divided by the total number of addresses a customer has has had,n/a
24,afspraak_aanmelding_afgesloten,appointment_registration_closed,int,0.481259312,"Number of appointments between customer and municipality, per type (e.g., progress of registration and participation, plan of approach, etc.).",n/a
25,afspraak_aantal_woorden,appointment_number_words,int,6.924864605,The number of words used to report an appointment between the customer and the municipality,n/a
26,afspraak_afgelopen_jaar_afsprakenplan,appointment_past_year_appointment_plan,int,2.006369582,"Number of appointments between customer and municipality in the past 365 days, per type (e.g., registration progress and participation, action plan, etc.)",n/a
27,afspraak_afgelopen_jaar_monitoring_insp__wet_taaleis_na_12_mnd_n_a_v__taa04_____geen_maatregel,appointment_past_year_monitoring_inspection_language_requirement_after_12_months_n_a_v _taa04_no_measure,int,2.243983757,"Number of appointments between customer and municipality in the past 365 days, per type (e.g., registration progress and participation, action plan, etc.)",n/a
28,afspraak_afgelopen_jaar_ontheffing,appointment_past_year_exemption,int,0.209943698,"Number of appointments between customer and municipality in the past 365 days, per type (e.g., registration progress and participation, action plan, etc.)",n/a
29,afspraak_afgelopen_jaar_ontheffing_taaleis,appointment_past_year_exemption_language_requirement,int,2.792549748,"Number of appointments between customer and municipality in the past 365 days, per type (e.g., registration progress and participation, action plan, etc.)",n/a
30,afspraak_afgelopen_jaar_plan_van_aanpak,appointment_past_year_plan_of_approach,int,0.246070059,"Number of appointments between customer and municipality in the past 365 days, per type (e.g., registration progress and participation, action plan, etc.)",n/a
31,afspraak_afgelopen_jaar_signaal_voor_medewerker,appointment_past_year_signal_for_employee,int,1.365216686,"Number of appointments between customer and municipality in the past 365 days, per type (e.g., registration progress and participation, action plan, etc.)",n/a
32,afspraak_afgelopen_jaar_vervolgmeting_matchbaarheid_werkzoekende_klant,appointment_past_year_follow-up_matchability_job_seeker_client,int,0,"Number of appointments between customer and municipality in the past 365 days, per type (e.g., registration progress and participation, action plan, etc.)",n/a
33,afspraak_afgelopen_jaar_voortgang_aanmelding_en_deelname,appointment_past_year_progress_registration_and_participation,int,0.638087639,"Number of appointments between customer and municipality in the past 365 days, per type (e.g., registration progress and participation, action plan, etc.)",n/a
34,afspraak_afsprakenplan,appointment_appointment_plan,int,0.348784085,"Number of appointments between customer and municipality, per type (e.g., progress of registration and participation, plan of approach, etc.).",n/a
35,afspraak_controle_aankondiging_maatregel,appointment_control_announcement_measure,int,3.120781874,"Number of appointments between customer and municipality, per type (e.g., progress of registration and participation, plan of approach, etc.).",n/a
36,afspraak_controle_verwijzing,appointment_check_reference,int,0.164491379,"Number of appointments between customer and municipality, per type (e.g., progress of registration and participation, plan of approach, etc.).",n/a
37,afspraak_deelname_compleet_uit_webapplicatie,appointment_participation_complete_out_web_application,int,0.604675156,"Number of appointments between customer and municipality, per type (e.g., progress of registration and participation, plan of approach, etc.).",n/a
38,afspraak_galo_gesprek,appointment_galo_conversation,int,0.610088579,"Number of appointments between customer and municipality, per type (e.g., progress of registration and participation, plan of approach, etc.).",n/a
39,afspraak_gespr__einde_zoekt___galo_gesprek_,appointment_call_end_searching_galo_conversation_,int,1.09243126,"Number of appointments between customer and municipality, per type (e.g., progress of registration and participation, plan of approach, etc.).",n/a
40,afspraak_inspanningsperiode,appointment_effort_period,int,9.355641314,"Number of appointments between customer and municipality, per type (e.g., progress of registration and participation, plan of approach, etc.).",n/a
41,afspraak_laatstejaar_aantal_woorden,appointment_latest_year_number_words,int,7.286029443,Number of appointments between customer and municipality in the past 365 days,n/a
42,afspraak_laatstejaar_resultaat_ingevuld,appointment_latest_year_result_filled,int,0.955195701,Number of appointments between customer and municipality in the past 365 days,n/a
43,afspraak_laatstejaar_resultaat_ingevuld_uniek,appointment_latest_year_result_filled_unique,int,7.040252997,Number of appointments between customer and municipality in the past 365 days,n/a
44,afspraak_other,appointment_other,int,0.295168521,"Number of appointments between customer and municipality, per type (e.g., progress of registration and participation, plan of approach, etc.).",n/a
45,afspraak_participatietrede_vervolgmeting,appointment_participation_step_follow_up_measurement,int,1.718442374,"Number of appointments between customer and municipality, per type (e.g., progress of registration and participation, plan of approach, etc.).",n/a
46,afspraak_resultaat_ingevuld_uniek,appointment_result_filled_unique,int,8.182452889,Historical number of completed results from a customer appointment,n/a
47,afspraak_signaal_van_aanbieder,appointment_signal_from_provider,int,1.222692767,"Number of appointments between customer and municipality, per type (e.g., progress of registration and participation, plan of approach, etc.).",n/a
48,afspraak_signaal_voor_medewerker,appointment_signal_for_employee,int,6.761083121,"Number of appointments between customer and municipality, per type (e.g., progress of registration and participation, plan of approach, etc.).",n/a
49,afspraak_toevoegen_inschrijving_uwvwb,appointment_add_registration_uvw_wb,int,1.081975561,"Number of appointments between customer and municipality, per type (e.g., progress of registration and participation, plan of approach, etc.).",n/a
50,afspraak_vervolgmeting_matchbaarheid_werkzoekende_klant,appointment_follow_up_measurement_matchability_jobseeker_customer,int,0.826972793,"Number of appointments between customer and municipality, per type (e.g., progress of registration and participation, plan of approach, etc.).",n/a
51,afspraak_verzenden_beschikking_i_v_m__niet_voldoen_aan_wet_taaleis,appointment_sending_decision_wrt_not_meeting_language_requirement,int,1.255299361,"Number of appointments between customer and municipality, per type (e.g., progress of registration and participation, plan of approach, etc.).",n/a
52,afspraak_voortgangsgesprek,appointment_progress_meeting,int,0.450557953,"Number of appointments between customer and municipality, per type (e.g., progress of registration and participation, plan of approach, etc.).",n/a
53,belemmering_aantal_huidig,obstacle_number_current,int,0.494891127,"Whether the customer has current barriers, per type (1.0) (e.g., childcare, financial problems, etc.).",n/a
54,belemmering_dagen_financiele_problemen,obstacle_days_financial_problems,int,9.037136978,"Number of days on which the customer has experienced a barrier, by type (e.g., childcare, financial problems, etc.).",n/a
55,belemmering_dagen_lichamelijke_problematiek,obstacle_days_physical_problems,int,3.937307849,"Number of days on which the customer has experienced a barrier, by type (e.g., childcare, financial problems, etc.).",n/a
56,belemmering_dagen_psychische_problemen,obstacle_days_psychological_problems,int,7.330953202,"Number of days on which the customer has experienced a barrier, by type (e.g., childcare, financial problems, etc.).",n/a
57,belemmering_financiele_problemen,obstacle_financial_problems,int,2.078108723,"Whether the customer has current barriers, per type (1.0) (e.g., childcare, financial problems, etc.).",n/a
58,belemmering_hist_lichamelijke_problematiek,obstacle_hist_physical_problems,int,0.094076916,"Historical number of customer barriers, by type (e.g., childcare, financial problems, etc.).",n/a
59,belemmering_hist_psychische_problemen,obstacle_hist_psychological_problems,int,0.120962446,"Historical number of customer barriers, by type (e.g., childcare, financial problems, etc.).",n/a
60,belemmering_hist_stabiele_mix__sz____dagbesteding_werk,obstacle_hist_stable_mix_social_security_daytime_activities_work,int,0.097258246,"Historical number of customer barriers, by type (e.g., childcare, financial problems, etc.).","The description 'stable mix' expresses that it concerns a job seeker who had many problems, but who have had their life reasonably back in order after guidance."
61,belemmering_hist_taal,obstacle_hist_language,int,0,"Historical number of customer barriers, by type (e.g., childcare, financial problems, etc.).",n/a
62,belemmering_hist_verslavingsproblematiek,obstacle_hist_addiction_problems,int,2.219308628,"Historical number of customer barriers, by type (e.g., childcare, financial problems, etc.).",n/a
63,belemmering_ind,obstacle_ind,int,0,"Whether the customer has current barriers, per type (1.0) (e.g., childcare, financial problems, etc.).",n/a
64,belemmering_ind_hist,obstacle_ind_hist,int,0.730974806,"Whether the customer has historically experienced a barrier, by type (1.0) (e.g. childcare, financial problems, etc.).",n/a
65,belemmering_niet_computervaardig,obstacle_not_computer literate,int,0,"Whether the customer has current barriers, per type (1.0) (e.g., childcare, financial problems, etc.).",n/a
66,belemmering_psychische_problemen,obstacle_psychological_problems,int,0.279030355,"Whether the customer has current barriers, per type (1.0) (e.g., childcare, financial problems, etc.).",n/a
67,belemmering_woonsituatie,obstacle_living_situation,int,0.082465482,"Whether the customer has current barriers, per type (1.0) (e.g., childcare, financial problems, etc.).",n/a
68,beschikbaarheid_aantal_historie_afwijkend_wegens_medische_omstandigheden,availability_number_history_deviating_due to_medical_circumstances,int,8.147779118,Number of availability indications the customer has had historically.,n/a
69,beschikbaarheid_aantal_historie_afwijkend_wegens_sociaal_maatschappelijke_situatie,availability_number_history_deviating_due to_social_situation,int,0.097508434,Number of availability indications the customer has had historically.,n/a
70,beschikbaarheid_huidig_afwijkend_wegens_medische_omstandigheden,availability_current_deviating_due_to_medical_conditions,int,0.296643703,"Whether the customer currently has an unconcluded availability indication, per type (1.0) (e.g. deviating due to caregiving duties).",n/a
71,beschikbaarheid_huidig_bekend,availability_current_known,int,0.081560904,"Whether the customer currently has an unconcluded availability indication, per type (1.0) (e.g. deviating due to caregiving duties).",n/a
72,beschikbaarheid_recent_afwijkend_wegens_medische_omstandigheden,availability_recent_deviating_due_to_medical_circumstances,int,0.368000764,"Whether the customer recently has an availability indication, per type (1.0) (eg deviating due to informal care tasks).",n/a
73,beschikbaarheid_recent_afwijkend_wegens_sociaal_maatschappelijke_situatie,availability_recent_deviating_due_to_social_social_situation,int,0.082325837,"Whether the customer recently has an availability indication, per type (1.0) (eg deviating due to informal care tasks).",n/a
74,competentie_aansturen,competence_management,int,0.68715106,"Number of current competencies of the customer, per type (e.g., analyzing, managing, etc.)",n/a
75,competentie_analyseren,competence_analysis,int,1.119933644,"Number of current competencies of the customer, per type (e.g., analyzing, managing, etc.)",n/a
76,competentie_ethisch_en_integer_handelen,competence_acting_ethically_and_with_integerity,int,0.172962976,"Number of current competencies of the customer, per type (e.g., analyzing, managing, etc.)",n/a
77,competentie_formuleren_en_rapporteren,competence_formulating_and_reporting,int,0.209640578,"Number of current competencies of the customer, per type (e.g., analyzing, managing, etc.)",n/a
78,competentie_gedrevenheid_en_ambitie_tonen,competence_shows_drive_and_ambition,int,1.114292401,"Number of current competencies of the customer, per type (e.g., analyzing, managing, etc.)",n/a
79,competentie_instructies_en_procedures_opvolgen,competence_follows_instructions_and_procedures,int,0,"Number of current competencies of the customer, per type (e.g., analyzing, managing, etc.)",n/a
80,competentie_kwaliteit_leveren,competence_quality_delivery,int,1.273193922,"Number of current competencies of the customer, per type (e.g., analyzing, managing, etc.)",n/a
81,competentie_leren,competence_learning,int,0,"Number of current competencies of the customer, per type (e.g., analyzing, managing, etc.)",n/a
82,competentie_materialen_en_middelen_inzetten,competence_using_materials_and_resources,int,0.28267289,"Number of current competencies of the customer, per type (e.g., analyzing, managing, etc.)",n/a
83,competentie_met_druk_en_tegenslag_omgaan,competence_dealing_with_pressure_and_setback,int,0.133056497,"Number of current competencies of the customer, per type (e.g., analyzing, managing, etc.)",n/a
84,competentie_omgaan_met_verandering_en_aanpassen,competence_dealing_with_change_and_adaptation,int,0,"Number of current competencies of the customer, per type (e.g., analyzing, managing, etc.)",n/a
85,competentie_onderzoeken,competence_research,int,0.176363323,"Number of current competencies of the customer, per type (e.g., analyzing, managing, etc.)",n/a
86,competentie_op_de_behoeften_en_verwachtingen_van_de__klant__richten,competence_focusing_on_the_needs_and_expectations_of_the _customer,int,0.557559469,"Number of current competencies of the customer, per type (e.g., analyzing, managing, etc.)",n/a
87,competentie_other,competence_other,int,0.646965587,"Number of current competencies of the customer, per type (e.g., analyzing, managing, etc.)",n/a
88,competentie_overtuigen_en_beïnvloeden,competence_convince_and_influence,int,0.769426704,"Number of current competencies of the customer, per type (e.g., analyzing, managing, etc.)",n/a
89,competentie_plannen_en_organiseren,competence_planning_and_organizing,int,2.256260294,"Number of current competencies of the customer, per type (e.g., analyzing, managing, etc.)",n/a
90,competentie_samenwerken_en_overleggen,competence_cooperation_and_consultation,int,0.963316274,"Number of current competencies of the customer, per type (e.g., analyzing, managing, etc.)",n/a
91,competentie_vakdeskundigheid_toepassen,competence_expertise_apply,int,25.10663325,"Number of current competencies of the customer, per type (e.g., analyzing, managing, etc.)",n/a
92,contacten_onderwerp__arbeids_motivatie,contacts_subject_work_motivation,int,0.589437994,"Number of contacts that a customer has had with the municipality, per subject (e.g.,work intake, diagnosis interview).",n/a
93,contacten_onderwerp__pre__intake,contacts_subject_pre_intake,int,0,"Number of contacts that a customer has had with the municipality, per subject (e.g.,work intake, diagnosis interview).",n/a
94,contacten_onderwerp__werk_intake,contacts_subject_work_intake,int,4.090441903,"Number of contacts that a customer has had with the municipality, per subject (e.g.,work intake, diagnosis interview).",n/a
95,contacten_onderwerp_arbeidsdiagnose_dariuz,contacts_subject_labour_diagnosis_dariuz,int,0.33385141,"Number of contacts that a customer has had with the municipality, per subject (e.g.,work intake, diagnosis interview).",Dariuz is an agency that focuses on guidance at work
96,contacten_onderwerp_beoordelen_taaleis,contacts_subject_evaluation_language requiremen,int,1.608783883,"Number of contacts that a customer has had with the municipality, per subject (e.g.,work intake, diagnosis interview).",n/a
97,contacten_onderwerp_boolean__arbeids_motivatie,contacts_subject_boolean_work_motivation,int,0,"Whether there has been contact between the customer and the municipality, per subject (1.0) (e.g., work intake, diagnosis interview).",n/a
98,contacten_onderwerp_boolean__pre__intake,contacts_subject_boolean_pre_intake,int,0,"Whether there has been contact between the customer and the municipality, per subject (1.0) (e.g., work intake, diagnosis interview).",n/a
99,contacten_onderwerp_boolean__werk_intake,contacts_subject_boolean_work_intake,int,0,"Whether there has been contact between the customer and the municipality, per subject (1.0) (e.g., work intake, diagnosis interview).",n/a
100,contacten_onderwerp_boolean_beoordelen_taaleis,contacts_subject_boolean_assessment_language_requirement,int,0,"Whether there has been contact between the customer and the municipality, per subject (1.0) (e.g., work intake, diagnosis interview).",n/a
101,contacten_onderwerp_boolean_contact_derden,contacts_subject_boolean_contact_third_parties,int,0,"Whether there has been contact between the customer and the municipality, per subject (1.0) (e.g., work intake, diagnosis interview).",n/a
102,contacten_onderwerp_boolean_contact_met_aanbieder,contacts_subject_boolean_contact_with_provider,int,0,"Whether there has been contact between the customer and the municipality, per subject (1.0) (e.g., work intake, diagnosis interview).",n/a
103,contacten_onderwerp_boolean_diagnosegesprek,contacts_subject_boolean_diagnosis_conversation,int,0,"Whether there has been contact between the customer and the municipality, per subject (1.0) (e.g., work intake, diagnosis interview).",n/a
104,contacten_onderwerp_boolean_documenten__innemen_,contacts_subject_boolean_documents_intake,int,0,"Whether there has been contact between the customer and the municipality, per subject (1.0) (e.g., work intake, diagnosis interview).",n/a
105,contacten_onderwerp_boolean_documenttype__cv_,contacts_subject_boolean_document_type_cv,int,0,"Whether there has been contact between the customer and the municipality, per subject (1.0) (e.g., work intake, diagnosis interview).",n/a
106,contacten_onderwerp_boolean_documenttype__diploma_s_en_certificaten_,contacts_subject_boolean_document_type_diplomas_and_certificates,int,0.70482999,"Whether there has been contact between the customer and the municipality, per subject (1.0) (e.g., work intake, diagnosis interview).",n/a
107,contacten_onderwerp_boolean_documenttype__overeenkomst_,contacts_subject_boolean_document_type_agreement,int,0,"Whether there has been contact between the customer and the municipality, per subject (1.0) (e.g., work intake, diagnosis interview).",n/a
108,contacten_onderwerp_boolean_financiële_situatie,contacts_subject_boolean_financial_situation,int,0,"Whether there has been contact between the customer and the municipality, per subject (1.0) (e.g., work intake, diagnosis interview).",n/a
109,contacten_onderwerp_boolean_groepsbijeenkomst,contacts_subject_boolean_group_meeting,int,0,"Whether there has been contact between the customer and the municipality, per subject (1.0) (e.g., work intake, diagnosis interview).",n/a
110,contacten_onderwerp_boolean_inkomen,contacts_subject_boolean_income,int,0,"Whether there has been contact between the customer and the municipality, per subject (1.0) (e.g., work intake, diagnosis interview).",n/a
111,contacten_onderwerp_boolean_maatregel_overweging,contacts_subject_boolean_measure_consideration,int,0,"Whether there has been contact between the customer and the municipality, per subject (1.0) (e.g., work intake, diagnosis interview).",n/a
112,contacten_onderwerp_boolean_match___werk,contacts_subject_boolean_match_work,int,0.102769683,"Whether there has been contact between the customer and the municipality, per subject (1.0) (e.g., work intake, diagnosis interview).",n/a
113,contacten_onderwerp_boolean_matching,contacts_subject_boolean_matching,int,0,"Whether there has been contact between the customer and the municipality, per subject (1.0) (e.g., work intake, diagnosis interview).",n/a
114,contacten_onderwerp_boolean_motivatie,contacts_subject_boolean_motivation,int,0.529114935,"Whether there has been contact between the customer and the municipality, per subject (1.0) (e.g., work intake, diagnosis interview).",n/a
115,contacten_onderwerp_boolean_mutatie,contacts_subject_boolean_changes,int,0,"Whether there has been contact between the customer and the municipality, per subject (1.0) (e.g., work intake, diagnosis interview).",n/a
116,contacten_onderwerp_boolean_no_show,contacts_subject_boolean_no_show,int,0,"Whether there has been contact between the customer and the municipality, per subject (1.0) (e.g., work intake, diagnosis interview).",n/a
117,contacten_onderwerp_boolean_overige,contacts_subject_boolean_other,int,0,"Whether there has been contact between the customer and the municipality, per subject (1.0) (e.g., work intake, diagnosis interview).",n/a
118,contacten_onderwerp_boolean_overleg_met_inkomen,contacts_subject_boolean_consultation_with_income,int,0,"Whether there has been contact between the customer and the municipality, per subject (1.0) (e.g., work intake, diagnosis interview).",n/a
119,contacten_onderwerp_boolean_scholing,contacts_subject_boolean_schooling,int,0,"Whether there has been contact between the customer and the municipality, per subject (1.0) (e.g., work intake, diagnosis interview).",n/a
120,contacten_onderwerp_boolean_sollicitatie,contacts_subject_boolean_application,int,0,"Whether there has been contact between the customer and the municipality, per subject (1.0) (e.g., work intake, diagnosis interview).",n/a
121,contacten_onderwerp_boolean_taaleis___voldoet,contacts_subject_boolean_language_requirement_fulfilled,int,0,"Whether there has been contact between the customer and the municipality, per subject (1.0) (e.g., work intake, diagnosis interview).",n/a
122,contacten_onderwerp_boolean_terugbelverzoek,contacts_subject_boolean_callback_request,int,0,"Whether there has been contact between the customer and the municipality, per subject (1.0) (e.g., work intake, diagnosis interview).",n/a
123,contacten_onderwerp_boolean_traject,contacts_subject_boolean_route,int,0,"Whether there has been contact between the customer and the municipality, per subject (1.0) (e.g., work intake, diagnosis interview).",n/a
124,contacten_onderwerp_boolean_uitnodiging,contacts_subject_boolean_invitation,int,0,"Whether there has been contact between the customer and the municipality, per subject (1.0) (e.g., work intake, diagnosis interview).",n/a
125,contacten_onderwerp_boolean_ziek__of_afmelding,contacts_subject_boolean_sick_or_absent,int,0,"Whether there has been contact between the customer and the municipality, per subject (1.0) (e.g., work intake, diagnosis interview).",n/a
126,contacten_onderwerp_boolean_zorg,contacts_subject_boolean_care,int,0,"Whether there has been contact between the customer and the municipality, per subject (1.0) (e.g., work intake, diagnosis interview).",n/a
127,contacten_onderwerp_contact_derden,contacts_subject_contact_third_parties,int,0.515668814,"Number of contacts that a customer has had with the municipality, per subject (e.g., work intake, diagnosis interview).",n/a
128,contacten_onderwerp_contact_met_aanbieder,contacts_subject_contact_with_provider,int,0.738372791,"Number of contacts that a customer has had with the municipality, per subject (e.g., work intake, diagnosis interview).",n/a
129,contacten_onderwerp_diagnosegesprek,contacts_subject_diagnosis_conversation,int,0.421704852,"Number of contacts that a customer has had with the municipality, per subject (e.g., work intake, diagnosis interview).",n/a
130,contacten_onderwerp_documenten__innemen_,contacts_subject_documents_intake,int,1.584173307,"Number of contacts that a customer has had with the municipality, per subject (e.g., work intake, diagnosis interview).",n/a
131,contacten_onderwerp_documenttype__cv_,contacts_subject_document_type_cv,int,0.466359171,"Number of contacts that a customer has had with the municipality, per subject (e.g., work intake, diagnosis interview).",n/a
132,contacten_onderwerp_documenttype__overeenkomst_,contacts_subject_document_type_agreement,int,6.413527122,"Number of contacts that a customer has had with the municipality, per subject (e.g., work intake, diagnosis interview).",n/a
133,contacten_onderwerp_financiële_situatie,contacts_subject_financial_situation,int,3.319826816,"Number of contacts that a customer has had with the municipality, per subject (e.g., work intake, diagnosis interview).",n/a
134,contacten_onderwerp_groepsbijeenkomst,contacts_subject_group_meeting,int,0.881991448,"Number of contacts that a customer has had with the municipality, per subject (e.g., work intake, diagnosis interview).",n/a
135,contacten_onderwerp_inkomen,contacts_subject_income,int,5.287733715,"Number of contacts that a customer has had with the municipality, per subject (e.g., work intake, diagnosis interview).",n/a
136,contacten_onderwerp_inname_aanvraag,contacts_subject_intake_request,int,0,"Number of contacts that a customer has had with the municipality, per subject (e.g., work intake, diagnosis interview).",n/a
137,contacten_onderwerp_inspanningstoets,contacts_subject_effort_test,int,1.780320959,"Number of contacts that a customer has had with the municipality, per subject (e.g., work intake, diagnosis interview).",n/a
138,contacten_onderwerp_maatregel_overweging,contacts_subject_measure_consideration,int,2.682181401,"Number of contacts that a customer has had with the municipality, per subject (e.g., work intake, diagnosis interview).",n/a
139,contacten_onderwerp_matching,contacts_subject_matching,int,1.015428013,"Number of contacts that a customer has had with the municipality, per subject (e.g., work intake, diagnosis interview).",n/a
140,contacten_onderwerp_mutatie,contacts_subject_change,int,1.290091039,"Number of contacts that a customer has had with the municipality, per subject (e.g., work intake, diagnosis interview).",n/a
141,contacten_onderwerp_no_show,contacts_subject_no_show,int,27.87480154,"Number of contacts that a customer has had with the municipality, per subject (e.g., work intake, diagnosis interview).",n/a
142,contacten_onderwerp_overige,contacts_subject_other,int,3.490663013,"Number of contacts that a customer has had with the municipality, per subject (e.g., work intake, diagnosis interview).",n/a
143,contacten_onderwerp_overleg_met_inkomen,contacts_subject_consultation_with_income,int,24.10136742,"Number of contacts that a customer has had with the municipality, per subject (e.g., work intake, diagnosis interview).",n/a
144,contacten_onderwerp_quickscan,contacts_subject_quickscan,int,0.697729101,"Number of contacts that a customer has had with the municipality, per subject (e.g., work intake, diagnosis interview).",n/a
145,contacten_onderwerp_scholing,contacts_subject_training,int,0.572939298,"Number of contacts that a customer has had with the municipality, per subject (e.g., work intake, diagnosis interview).",n/a
146,contacten_onderwerp_screening,contacts_subject_screening,int,0.410628086,"Number of contacts that a customer has had with the municipality, per subject (e.g., work intake, diagnosis interview).",n/a
147,contacten_onderwerp_terugbelverzoek,contacts_subject_callback_request,int,1.752231633,"Number of contacts that a customer has had with the municipality, per subject (e.g., work intake, diagnosis interview).",n/a
148,contacten_onderwerp_traject,contacts_subject_route,int,1.593078017,"Number of contacts that a customer has had with the municipality, per subject (e.g., work intake, diagnosis interview).",n/a
149,contacten_onderwerp_uitnodiging,contacts_subject_invitation,int,1.105281923,"Number of contacts that a customer has had with the municipality, per subject (e.g., work intake, diagnosis interview).",n/a
150,contacten_onderwerp_vakantie,contacts_subject_holiday,int,0.086735411,"Number of contacts that a customer has had with the municipality, per subject (e.g., work intake, diagnosis interview).",n/a
151,contacten_onderwerp_werkintake__niet_verschenen,contacts_subject_work_intake_did_not_appear,int,0.296434634,"Number of contacts that a customer has had with the municipality, per subject (e.g., work intake, diagnosis interview).",n/a
152,contacten_onderwerp_ziek__of_afmelding,contacts_subject_sick_or_absent,int,0.520297802,"Number of contacts that a customer has had with the municipality, per subject (e.g., work intake, diagnosis interview).",n/a
153,contacten_onderwerp_zorg,contacts_subject_care,int,1.644203673,"Number of contacts that a customer has had with the municipality, per subject (e.g., work intake, diagnosis interview).",n/a
154,contacten_soort_afgelopenjaar_anders,contacts_type_last_year_other,int,4.016283669,"Number of contacts that a customer has had with the municipality in the past 365 days, per type (e.g. email, conversation, etc.).",n/a
155,contacten_soort_afgelopenjaar_document__inkomend_,contacts_type_last_year_document_incoming,int,1.074573074,"Number of contacts that a customer has had with the municipality in the past 365 days, per type (e.g. email, conversation, etc.).",n/a
156,contacten_soort_afgelopenjaar_document__uitgaand_,contacts_type_last_year_document_outgoing,int,15.41383527,"Number of contacts that a customer has had with the municipality in the past 365 days, per type (e.g. email, conversation, etc.).",n/a
157,contacten_soort_afgelopenjaar_e_mail__inkomend_,contacts_type_last_year_email_incoming,int,1.327985938,"Number of contacts that a customer has had with the municipality in the past 365 days, per type (e.g. email, conversation, etc.).",n/a
158,contacten_soort_afgelopenjaar_e_mail__uitgaand_,contacts_type_last_year_email_outgoing,int,2.553930919,"Number of contacts that a customer has had with the municipality in the past 365 days, per type (e.g. email, conversation, etc.).",n/a
159,contacten_soort_afgelopenjaar_gesprek,contacts_type_last_year_conversation,int,2.131120945,"Number of contacts that a customer has had with the municipality in the past 365 days, per type (e.g. email, conversation, etc.).",n/a
160,contacten_soort_afgelopenjaar_gesprek_op_locatie,contacts_type_last_year_conversation_on_location,int,0.355184622,"Number of contacts that a customer has had with the municipality in the past 365 days, per type (e.g. email, conversation, etc.).",n/a
161,contacten_soort_afgelopenjaar_rapportage_rib,contacts_type_last_year_reporting_rib,int,0.352139072,"Number of contacts that a customer has had with the municipality in the past 365 days, per type (e.g. email, conversation, etc.).",Report (from a) Reintegration agency
162,contacten_soort_afgelopenjaar_telefoontje__inkomend_,contacts_type_last_year_call_incoming,int,1.459470819,"Number of contacts that a customer has had with the municipality in the past 365 days, per type (e.g. email, conversation, etc.).",n/a
163,contacten_soort_afgelopenjaar_telefoontje__uitgaand_,contacts_type_last_year_call_outgoing,int,1.274675437,"Number of contacts that a customer has had with the municipality in the past 365 days, per type (e.g. email, conversation, etc.).",n/a
164,contacten_soort_anders,contacts_type_other,int,2.404529377,"Number of contacts that a customer has had with the municipality, per type (e.g. email, conversation, etc.).",n/a
165,contacten_soort_document__inkomend_,contacts_type_document_incoming,int,6.787591953,"Number of contacts that a customer has had with the municipality, per type (e.g. email, conversation, etc.).",n/a
166,contacten_soort_document__uitgaand_,contacts_type_document_outgoing,int,4.43345519,"Number of contacts that a customer has had with the municipality, per type (e.g. email, conversation, etc.).",n/a
167,contacten_soort_e_mail__inkomend_,contacts_type_email_incoming,int,2.049300814,"Number of contacts that a customer has had with the municipality, per type (e.g. email, conversation, etc.).",n/a
168,contacten_soort_e_mail__uitgaand_,contacts_type_email_outgoing,int,1.596179377,"Number of contacts that a customer has had with the municipality, per type (e.g. email, conversation, etc.).",n/a
169,contacten_soort_gesprek_op_locatie,contacts_type_conversation_at_location,int,3.259009516,"Number of contacts that a customer has had with the municipality, per type (e.g. email, conversation, etc.).",n/a
170,contacten_soort_groepsbijeenkomsten,contacts_type_group_meetings,int,0.470828155,"Number of contacts that a customer has had with the municipality, per type (e.g. email, conversation, etc.).",n/a
171,contacten_soort_rapportage_deelname,contacts_type_reporting_participation,int,0.683637658,"Number of contacts that a customer has had with the municipality, per type (e.g. email, conversation, etc.).",n/a
172,contacten_soort_rapportage_rib,contacts_type_reporting_rib,int,0.980732612,"Number of contacts that a customer has had with the municipality, per type (e.g. email, conversation, etc.).",Report (from a) Reintegration agency
173,contacten_soort_telefoontje__inkomend_,contacts_type_call_incoming,int,2.495293428,"Number of contacts that a customer has had with the municipality, per type (e.g. email, conversation, etc.).",n/a
174,contacten_soort_telefoontje__uitgaand_,contacts_type_call_outgoing,int,2.274521616,"Number of contacts that a customer has had with the municipality, per type (e.g. email, conversation, etc.).",n/a
175,deelname_act_actueel_projecten_uniek,participation_act_current_projects_unique,int,1.806433127,"Number of activities the customer is currently participating in, per status (e.g. started, unique, etc.).",n/a
176,deelname_act_hist_projecten_niet_gestart,participation_act_hist_projects_not_started,int,2.541193049,"Number of activities in which the customer has historically participated, per status (e.g. started, unique, etc.).",n/a
177,deelname_act_reintegratieladder_ondersteunende_instrumenten,participation_act_reintegration_ladder_supporting_instruments,int,1.146477086,"Number of activities of the reintegration ladder in which the client has historically participated, per type (e.g. support tools, activation, etc.).",n/a
178,deelname_act_reintegratieladder_werk_re_integratie,participation_act_reintegration_ladder_work_reintegration,int,1.784687323,"Number of activities of the reintegration ladder in which the client has historically participated, per type (e.g. support tools, activation, etc.).",n/a
179,instrument_aantal_laatstejaar,instrument_number_last_year,int,0.599170003,Number of historical instruments used on behalf of the client.,n/a
180,instrument_ladder_historie_activering,instrument_ladder_history_activation,int,10.76043283,"Historical number of instruments deployed on behalf of the client, per type (e.g., Work/Reintegration, daytime activities, etc.).",n/a
181,instrument_ladder_historie_other,instrument_ladder_history_other,int,0.572441733,"Historical number of instruments deployed on behalf of the client, per type (e.g., Work/Reintegration, daytime activities, etc.).",n/a
182,instrument_ladder_huidig_activering,instrument_ladder_current_activation,int,17.5047868,"Current number of instruments deployed on behalf of the customer, per type (e.g., Work/Reintegration, daytime activities, etc.).",n/a
183,instrument_ladder_huidig_other,instrument_ladder_current_other,int,0.599337697,"Current number of instruments deployed on behalf of the customer, per type (e.g., Work/Reintegration, daytime activities, etc.).",n/a
184,instrument_ladder_huidig_werk_re_integratie,instrument_ladder_current_work_reintegration,int,0.134687481,"Current number of instruments deployed on behalf of the customer, per type (e.g., Work/Reintegration, daytime activities, etc.).",n/a
185,instrument_reden_beeindiging_historie_centrale_actie_wigo4it,instrument_reason_termination_history_central_action_wigo4it,int,0.496207215,"Historical number of terminated instruments used on behalf of the customer, by reason (e.g., successful, not successful, etc.).","Wigo4IT develops the ""Socrates"" system used by some municipalities to calculate benefits"
186,instrument_reden_beeindiging_historie_diagnose_gesteld,instrument_reason_termination_history_diagnosis_set,int,0,"Historical number of terminated instruments used on behalf of the customer, by reason (e.g., successful, not successful, etc.).",n/a
187,instrument_reden_beeindiging_historie_direct_matchbaar,instrument_reason_termination_history_directly_matchable,int,0.089770718,"Historical number of terminated instruments used on behalf of the customer, by reason (e.g., successful, not successful, etc.).",n/a
188,instrument_reden_beeindiging_historie_doelstelling_bereikt__geen_uitstroom,instrument_reason_termination_history_objective_achieved_no_outflow,int,0.196685576,"Historical number of terminated instruments used on behalf of the customer, by reason (e.g., successful, not successful, etc.).",n/a
189,instrument_reden_beeindiging_historie_doelstelling_bereikt__uitstroom_naar_regulier_werk,instrument_reason_termination_history_objective_achieved_outflow_to _regular_work,int,0,"Historical number of terminated instruments used on behalf of the customer, by reason (e.g., successful, not successful, etc.).",n/a
190,instrument_reden_beeindiging_historie_doelstelling_bereikt__uitstroom_overig,instrument_reason_termination_history_objective_achieved_outflow_other,int,0,"Historical number of terminated instruments used on behalf of the customer, by reason (e.g., successful, not successful, etc.).",n/a
191,instrument_reden_beeindiging_historie_doelstelling_niet_bereikt__geen_uitstroom,instrument_reason_termination_history_objective_not_achieved_no_delay,int,0.5418096,"Historical number of terminated instruments used on behalf of the customer, by reason (e.g., successful, not successful, etc.).",n/a
192,instrument_reden_beeindiging_historie_niet_matchbaar,instrument_reason_termination_history_not_matchable,int,0,"Historical number of terminated instruments used on behalf of the customer, by reason (e.g., successful, not successful, etc.).",n/a
193,instrument_reden_beeindiging_historie_niet_succesvol,instrument_reason_termination_history_unsuccessful,int,0.646481977,"Historical number of terminated instruments used on behalf of the customer, by reason (e.g., successful, not successful, etc.).",n/a
194,instrument_reden_beeindiging_historie_niet_succesvol__reden_bij_werkzoekende,instrument_reason_termination_history_unsuccessful_reason_of_jobseeker,int,0,"Historical number of terminated instruments used on behalf of the customer, by reason (e.g., successful, not successful, etc.).",n/a
195,instrument_reden_beeindiging_historie_op_termijn_matchbaar,instrument_reason_termination_history_on_term_matchable,int,0.174048423,"Historical number of terminated instruments used on behalf of the customer, by reason (e.g., successful, not successful, etc.).",n/a
196,instrument_reden_beeindiging_historie_other,instrument_reason_termination_history_other,int,0.229417248,"Historical number of terminated instruments used on behalf of the customer, by reason (e.g., successful, not successful, etc.).",n/a
197,instrument_reden_beeindiging_historie_overdracht_naar_mo,instrument_reason_termination_history_transfer_to_mo,int,0.284799893,"Historical number of terminated instruments used on behalf of the customer, by reason (e.g., successful, not successful, etc.).",mo likely means social services under Wmo 2015
198,instrument_reden_beeindiging_historie_overdracht_naar_prematching,instrument_reason_termination_history_transfer_to_prematching,int,0,"Historical number of terminated instruments used on behalf of the customer, by reason (e.g., successful, not successful, etc.).",n/a
199,instrument_reden_beeindiging_historie_overdracht_naar_regulier_team_iwpm,instrument_reason_termination_history_transfer_to_regular_team_iwpm,int,0.203023233,"Historical number of terminated instruments used on behalf of the customer, by reason (e.g., successful, not successful, etc.).",IWMP means Intake Work and Prematching department of the Rotterdam municipality
200,instrument_reden_beeindiging_historie_overdracht_succesvol,instrument_reason_termination_history_transfer_success,int,0.308990164,"Historical number of terminated instruments used on behalf of the customer, by reason (e.g., successful, not successful, etc.).",n/a
201,instrument_reden_beeindiging_historie_succesvol,instrument_reason_termination_history_successful,int,7.379368591,"Historical number of terminated instruments used on behalf of the customer, by reason (e.g., successful, not successful, etc.).",n/a
202,instrument_reden_beeindiging_historie_succesvol__doelstelling_bereikt,instrument_reason_termination_history_successful_target_achieved,int,0.084308947,"Historical number of terminated instruments used on behalf of the customer, by reason (e.g., successful, not successful, etc.).",n/a
203,instrument_reden_beeindiging_historie_uitval__aanbod_niet_langer_zinvol_volgens_gemeente,instrument_reason_termination_history_offer_no_longer_useful_according to_municipality,int,0.356387683,"Historical number of terminated instruments used on behalf of the customer, by reason (e.g., successful, not successful, etc.).",n/a
204,instrument_reden_beeindiging_historie_uitval__klant_wz__ziet_af_van_aanbod,instrument_reason_termination_history_customer_wz_abandoned_offer,int,1.898066113,"Historical number of terminated instruments used on behalf of the customer, by reason (e.g., successful, not successful, etc.).",customer_wz refers to a jobseeker (werkzoeker)
205,ontheffing_actueel_ind,exemption_current_ind,int,0.996944912,"Whether the customer currently has an exemption (1.0) (e.g. temporary exemption from employment obligations, because of your caregiving duties, etc.).",n/a
206,ontheffing_dagen_hist_mean,exemption_days_hist_mean,int,8.681531853,"Number of days when the customer has historically experienced barriers, per type (e.g., temporary exemption work obligations, due to your informal care tasks, etc.).",n/a
207,ontheffing_dagen_hist_vanwege_uw_medische_omstandigheden,exemption_days_hist_due to_your_medical_conditions,int,13.817025,"Number of days when the customer has historically experienced barriers, per type (e.g., temporary exemption work obligations, due to your informal care tasks, etc.).",n/a
208,ontheffing_hist_ind,exemption_hist_ind,int,0.282551759,Number of exemptions the customer has had historically,n/a
209,ontheffing_reden_hist_medische_gronden,exemption_reason_hist_medical_grounds,int,0,"Number of exemptions that the customer has historically had, per type (e.g. temporary exemption from employment obligations, due to your caregiving duties, etc.).",n/a
210,ontheffing_reden_hist_other,exemption_reason_hist_other,int,0.646504687,"Number of exemptions that the customer has historically had, per type (e.g. temporary exemption from employment obligations, due to your caregiving duties, etc.).",n/a
211,ontheffing_reden_hist_sociale_gronden,exemption_reason_hist_social_grounds,int,0.223142863,"Number of exemptions that the customer has historically had, per type (e.g. temporary exemption from employment obligations, due to your caregiving duties, etc.).",n/a
212,ontheffing_reden_hist_tijdelijke_ontheffing_arbeidsverpl__en_tegenprestatie,exemption_reason_hist_temporary_dispensation_work_shift_and_compensation,int,6.640743019,"Number of exemptions that the customer has historically had, per type (e.g. temporary exemption from employment obligations, due to your caregiving duties, etc.).",n/a
213,ontheffing_reden_hist_tijdelijke_ontheffing_arbeidsverplichtingen,exemption_reason_hist_temporary_exemption_labour,int,0,"Number of exemptions that the customer has historically had, per type (e.g. temporary exemption from employment obligations, due to your caregiving duties, etc.).",n/a
214,ontheffing_reden_hist_vanwege_uw_sociaal_maatschappelijke_situatie,exemption_reason_hist_because of_social_social_situation,int,0.106765569,"Number of exemptions that the customer has historically had, per type (e.g. temporary exemption from employment obligations, due to your caregiving duties, etc.).",n/a
215,ontheffing_reden_tijdelijke_ontheffing_arbeidsverpl__en_tegenprestatie,exemption_reason_temporary_dispensation_work_shift_and_compensation,int,0.373962317,"Whether the customer currently has an exemption, per type (1.0) (e.g. temporary exemption from employment obligations, due to your caregiving duties, etc.).",n/a
216,persoon_geslacht_vrouw,person_gender_woman,int,9.903954043,"Whether the customer is female (value 1 = yes, 0 = no)",n/a
217,persoon_leeftijd_bij_onderzoek,person_age_at_investigation,int,100,Age of the customer at the time of the investigation,n/a
218,persoonlijke_eigenschappen_communicatie_opm,personal_qualities_communication_consultant_judgement,int,0.109232644,"Current personal characteristics of the customer, by type (e.g., motivation, perseverance, etc.).",opm refers to operationeel medewerker
219,persoonlijke_eigenschappen_dagen_sinds_opvoer,personal_qualities_days_since_input,int,14.928516,"Current personal characteristics of the customer, by type (e.g., motivation, perseverance, etc.).",n/a
220,persoonlijke_eigenschappen_dagen_sinds_taaleis,personal_qualities_days_since_language_requirement,int,15.15384566,"Current personal characteristics of the customer, by type (e.g., motivation, perseverance, etc.).",n/a
221,persoonlijke_eigenschappen_doorzettingsvermogen_opm,personal_qualities_perseverance_consultant_judgement,int,0.121273338,"Current personal characteristics of the customer, by type (e.g., motivation, perseverance, etc.).",n/a
222,persoonlijke_eigenschappen_flexibiliteit_opm,personal_qualities_flexibility_consultant_judgement,int,0,"Current personal characteristics of the customer, by type (e.g., motivation, perseverance, etc.).",n/a
223,persoonlijke_eigenschappen_hobbies_sport,personal_qualities_hobbies_sport,int,0.618196916,"Current personal characteristics of the customer, by type (e.g., motivation, perseverance, etc.).",n/a
224,persoonlijke_eigenschappen_houding_opm,personal_qualities_attitude_consultant_judgement,int,0.541255802,"Current personal characteristics of the customer, by type (e.g., motivation, perseverance, etc.).",n/a
225,persoonlijke_eigenschappen_ind_activering_traject,personal_qualities_ind_activation_route,int,0.134874391,"Current personal characteristics of the customer, by type (e.g., motivation, perseverance, etc.).",n/a
226,persoonlijke_eigenschappen_ind_buiten_kantoortijden,personal_qualities_ind_outside_office_hours,int,0,"Current personal characteristics of the customer, by type (e.g., motivation, perseverance, etc.).",n/a
227,persoonlijke_eigenschappen_ind_regulier_arbeidsritme,personal_qualities_ind_regular_work_rhythm,int,0.141302823,"Current personal characteristics of the customer, by type (e.g., motivation, perseverance, etc.).",n/a
228,persoonlijke_eigenschappen_initiatief_opm,personal_qualities_initiative_consultant_judgement,int,0.200260334,"Current personal characteristics of the customer, by type (e.g., motivation, perseverance, etc.).",n/a
229,persoonlijke_eigenschappen_leergierigheid_opm,personal_qualities_inquiry_consultant_judgement,int,0.272252,"Current personal characteristics of the customer, by type (e.g., motivation, perseverance, etc.).",n/a
230,persoonlijke_eigenschappen_motivatie_opm,personal_qualities_motivation_consultant_judgement,int,0.457083694,"Current personal characteristics of the customer, by type (e.g., motivation, perseverance, etc.).",n/a
231,persoonlijke_eigenschappen_nl_begrijpen3,personal_qualities_en_understanding3,int,0.306976075,"Current personal characteristics of the customer, by type (e.g., motivation, perseverance, etc.).",n/a
232,persoonlijke_eigenschappen_nl_lezen3,personal_qualities_nl_reading3,int,0,"Current personal characteristics of the customer, by type (e.g., motivation, perseverance, etc.).",n/a
233,persoonlijke_eigenschappen_nl_lezen4,personal_qualities_nl_reading4,int,0,"Current personal characteristics of the customer, by type (e.g., motivation, perseverance, etc.).",n/a
234,persoonlijke_eigenschappen_nl_schrijven0,personal_qualities_nl_writing0,int,0.142233571,"Current personal characteristics of the customer, by type (e.g., motivation, perseverance, etc.).",n/a
235,persoonlijke_eigenschappen_nl_schrijven1,personal_qualities_nl_writing1,int,0,"Current personal characteristics of the customer, by type (e.g., motivation, perseverance, etc.).",n/a
236,persoonlijke_eigenschappen_nl_schrijven2,personal_qualities_nl_writing2,int,0.105778359,"Current personal characteristics of the customer, by type (e.g., motivation, perseverance, etc.).",n/a
237,persoonlijke_eigenschappen_nl_schrijven3,personal_qualities_nl_writing3,int,0,"Current personal characteristics of the customer, by type (e.g., motivation, perseverance, etc.).",n/a
238,persoonlijke_eigenschappen_nl_schrijvenfalse,personal_qualities_nl_writing_false,int,0.303050064,"Current personal characteristics of the customer, by type (e.g., motivation, perseverance, etc.).",n/a
239,persoonlijke_eigenschappen_nl_spreken1,personal_qualities_nl_speaking1,int,0.178609465,"Current personal characteristics of the customer, by type (e.g., motivation, perseverance, etc.).",n/a
240,persoonlijke_eigenschappen_nl_spreken2,personal_qualities_nl_speaking2,int,0.16136327,"Current personal characteristics of the customer, by type (e.g., motivation, perseverance, etc.).",n/a
241,persoonlijke_eigenschappen_nl_spreken3,personal_qualities_nl_speaking3,int,0.436337455,"Current personal characteristics of the customer, by type (e.g., motivation, perseverance, etc.).",n/a
242,persoonlijke_eigenschappen_opstelling,personal_qualities_design,int,0.977506421,"Current personal characteristics of the customer, by type (e.g., motivation, perseverance, etc.).",n/a
243,persoonlijke_eigenschappen_overige_opmerkingen,personal_qualities_other_comments,int,0.297839356,"Current personal characteristics of the customer, by type (e.g., motivation, perseverance, etc.).",n/a
244,persoonlijke_eigenschappen_presentatie_opm,personal_qualities_presentation_consultant_judgement,int,0.153052965,"Current personal characteristics of the customer, by type (e.g., motivation, perseverance, etc.).",n/a
245,persoonlijke_eigenschappen_spreektaal,personal_qualities_language,int,3.836406411,"Current personal characteristics of the customer, by type (e.g., motivation, perseverance, etc.).",n/a
246,persoonlijke_eigenschappen_spreektaal_anders,personal_qualities_language_other,int,0.108257075,"Current personal characteristics of the customer, by type (e.g., motivation, perseverance, etc.).",n/a
247,persoonlijke_eigenschappen_taaleis_schrijfv_ok,personal_qualities_language_requirement_writing_ok,int,0.231916985,"Current personal characteristics of the customer, by type (e.g., motivation, perseverance, etc.).",n/a
248,persoonlijke_eigenschappen_taaleis_voldaan,personal_qualities_language_requirement_met,int,4.179540603,"Current personal characteristics of the customer, by type (e.g., motivation, perseverance, etc.).",n/a
249,persoonlijke_eigenschappen_uiterlijke_verzorging_opm,personal_qualities_appearance_care_consultant_judgement,int,0.387597286,"Current personal characteristics of the customer, by type (e.g., motivation, perseverance, etc.).",n/a
250,persoonlijke_eigenschappen_uitstroom_verw_vlgs_klant,personal_qualities_outflow_verw_according_to_customer,int,1.935907967,"Current personal characteristics of the customer, by type (e.g., motivation, perseverance, etc.).",Unknown: verw maybe meaning reference?
251,persoonlijke_eigenschappen_uitstroom_verw_vlgs_km,personal_qualities_outflow_verw_according_to_km,int,4.246062758,"Current personal characteristics of the customer, by type (e.g., motivation, perseverance, etc.).",Unknown: verw maybe meaning reference?
252,persoonlijke_eigenschappen_zelfstandigheid_opm,personal_qualities_independence_consultant_judgement,int,0,"Current personal characteristics of the customer, by type (e.g., motivation, perseverance, etc.).",n/a
253,pla_actueel_pla_categorie_doelstelling_16,pla_current_pla_category_objective_16,int,0.138401462,"Number of action plans that the customer currently has, per objective category (e.g. outflow to training by means of an education-related offer, you provide your income independently as quickly as possible by means of the accepting paid work, etc.).","Objective_16: You receive social assistance benefit from the municipality of Rotterdam. In exchange for this, you perform an unrewarded social activity (consideration). Yours becomes expect you to deepen or expand the consideration. The agreements in this Action Plan will help you achieve this goal."
254,pla_actueel_pla_categorie_doelstelling_9,pla_current_pla_category_objective_9,int,0.481296749,"Number of action plans that the customer currently has, per objective category (e.g. outflow to training by means of an education-related offer, you provide your income independently as quickly as possible by means of the accepting paid work, etc.).","Objective_9: You receive social assistance benefit from the municipality of Rotterdam. In exchange for this, the municipality expects you to perform an unrewarded social activity (consideration) conducted. Such activity is for 20 hours per week or according to ability. The agreements in this Action Plan will help you achieve this goal."
255,pla_einde_doelstelling_bereikt,pla_end_objective_achieved,int,0.544149881,"Number of times an action plan (pla) has been closed, per reason for closure. (e.g. target achieved, target not reached).",n/a
256,pla_einde_doelstelling_bereikt__nieuw_trajectplan,pla_end_objective_achieved_new_trajectory_plan,int,2.557929652,"Number of times an action plan (pla) has been closed, per reason for closure. (e.g. target achieved, target not reached).",n/a
257,pla_einde_doelstelling_bereikt__overdracht,pla_end_objective_achieved_transfer,int,0.103391533,"Number of times an action plan (pla) has been closed, per reason for closure. (e.g. target achieved, target not reached).",n/a
258,pla_einde_doelstelling_niet_bereikt,pla_end_objective_not_achieved,int,0.508273534,"Number of times an action plan (pla) has been closed, per reason for closure. (e.g. target achieved, target not reached).",n/a
259,pla_einde_doelstelling_niet_bereikt__nieuw_trajectplan,pla_end_objective_not_achieved_new_trajectory_plan,int,1.167560672,"Number of times an action plan (pla) has been closed, per reason for closure. (e.g. target achieved, target not reached).",n/a
260,pla_einde_doelstelling_niet_bereikt__overdracht,pla_end_objective_not_achieved_transfer,int,0,"Number of times an action plan (pla) has been closed, per reason for closure. (e.g. target achieved, target not reached).",n/a
261,pla_einde_geplande_einddatum_overschreden_zonder_nader_bericht,pla_end_planned_end_date_exceeded_without_further_message,int,0.279941789,"Number of times an action plan (pla) has been closed, per reason for closure. (e.g. target achieved, target not reached).",n/a
262,pla_einde_other,pla_end_other,int,0.261284026,"Number of times an action plan (pla) has been closed, per reason for closure. (e.g. target achieved, target not reached).",n/a
263,pla_einde_uitstroom_anders_dan_volgen_onderwijs__regulier_werk_of_als_zelfstandige,pla_end_outflow_other_than_following_education_regular_work_or_as_self_employed,int,4.662686735,"Number of times an action plan (pla) has been closed, per reason for closure. (e.g. target achieved, target not reached).",n/a
264,pla_hist_pla_categorie_doelstelling_1,pla_hist_pla_category_objective_1,int,0.606763075,"Number of action plans that the customer has had historically, per objective category (e.g. outflow to training by means of an education-related offer, you provide your income independently as quickly as possible by means of the accepting paid work, etc.).",Objective_1: Social participation through activities aimed at active positioning in society.
265,pla_hist_pla_categorie_doelstelling_10,pla_hist_pla_category_objective_10,int,0.716874349,"Number of action plans that the customer has had historically, per objective category (e.g. outflow to training by means of an education-related offer, you provide your income independently as quickly as possible by means of the accepting paid work, etc.).",Objective_10: Client provides consideration for his benefit (e.g. voluntary work) and there are possibilities to expand this with a possible chance of moving on to (pre-) matching within 2 years. Subdivision to more than 20 hours per week or less
266,pla_hist_pla_categorie_doelstelling_11,pla_hist_pla_category_objective_11,int,0.57455807,"Number of action plans that the customer has had historically, per objective category (e.g. outflow to training by means of an education-related offer, you provide your income independently as quickly as possible by means of the accepting paid work, etc.).","Objective_11: You receive social assistance benefit from the municipality of Rotterdam. You have obstacles that prevent you from working and thus providing (again) in your own income. The agreements from this Plan of Approach will help you to make these obstacles manageable, so that you can return to paid work as soon as possible."
267,pla_hist_pla_categorie_doelstelling_16,pla_hist_pla_category_objective_16,int,11.93466823,"Number of action plans that the customer has had historically, per objective category (e.g. outflow to training by means of an education-related offer, you provide your income independently as quickly as possible by means of the accepting paid work, etc.).","Objective 16: You receive social assistance benefit from the municipality of Rotterdam. In exchange for this, you perform an unrewarded social activity (consideration). You are expected that you deepen or expand the consideration. The agreements in this Action Plan will help you achieve this goal."
268,pla_hist_pla_categorie_doelstelling_2,pla_hist_pla_category_objective_2,int,1.449344376,"Number of action plans that the customer has had historically, per objective category (e.g. outflow to training by means of an education-related offer, you provide your income independently as quickly as possible by means of the accepting paid work, etc.).",Objective_2: Social participation through activities aimed at active positioning in society
269,pla_hist_pla_categorie_doelstelling_27,pla_hist_pla_category_objective_27,int,0.199789463,"Number of action plans that the customer has had historically, per objective category (e.g. outflow to training by means of an education-related offer, you provide your income independently as quickly as possible by means of the accepting paid work, etc.).","Objective_27: You have applied for social assistance benefit from the municipality of Rotterdam. In order to be able to determine appropriate follow-up services, you participate in the visualisation increasing your possibilities to provide for your own income (again)."
270,pla_hist_pla_categorie_doelstelling_3,pla_hist_pla_category_objective_3,int,1.089786223,"Number of action plans that the customer has had historically, per objective category (e.g. outflow to training by means of an education-related offer, you provide your income independently as quickly as possible by means of the accepting paid work, etc.).","Objective_3: Outflow to regular work by means of programs aimed at removing obstacles, acquiring specific knowledge and skills and/or retraining."
271,pla_hist_pla_categorie_doelstelling_4,pla_hist_pla_category_objective_4,int,0.535187296,"Number of action plans that the customer has had historically, per objective category (e.g. outflow to training by means of an education-related offer, you provide your income independently as quickly as possible by means of the accepting paid work, etc.).","Objective_4: Client meets the criteria in the five areas of life housing, income, care, daytime activities and health insurance."
272,pla_hist_pla_categorie_doelstelling_5,pla_hist_pla_category_objective_5,int,0.715052439,"Number of action plans that the customer has had historically, per objective category (e.g. outflow to training by means of an education-related offer, you provide your income independently as quickly as possible by means of the accepting paid work, etc.).",Objective_5: Outflow to regular work by means of short (work-related) trajectories and/or regular appointments.
273,pla_hist_pla_categorie_doelstelling_6,pla_hist_pla_category_objective_6,int,0.083928196,"Number of action plans that the customer has had historically, per objective category (e.g. outflow to training by means of an education-related offer, you provide your income independently as quickly as possible by means of the accepting paid work, etc.).","Objective_6: Client provides a consideration for his benefit (eg voluntary work), which can be differentiated to more than 20 hours per week or less."
274,pla_hist_pla_categorie_doelstelling_9,pla_hist_pla_category_objective_9,int,0.601352241,"Number of action plans that the customer has had historically, per objective category (e.g. outflow to training by means of an education-related offer, you provide your income independently as quickly as possible by means of the accepting paid work, etc.).","Objective_9: You receive social assistance benefit from the municipality of Rotterdam. In exchange for this, the municipality expects you to perform an unrewarded social activity (consideration) conducted. Such activity is for 20 hours per week or according to ability. The agreements in this Action Plan will help you achieve this goal"
275,pla_hist_pla_categorie_doelstelling_other,pla_hist_pla_category_objective_other,int,0.68174333,"Number of action plans that the customer has had historically, per objective category (e.g. outflow to training by means of an education-related offer, you provide your income independently as quickly as possible by means of the accepting paid work, etc.).",n/a
276,pla_historie_maatschappelijke_inspanning,pla_history_social_effort,int,0.426314859,"Whether the customer has ever had an action plan in the past, per type (1.0) (e.g. mediation, social activation, etc.).",n/a
277,pla_historie_ontwikkeling,pla_history_development,int,19.11129497,"Whether the customer has ever had an action plan in the past, per type (1.0) (e.g. mediation, social activation, etc.).",n/a
278,pla_historie_other,pla_history_other,int,0.583917021,"Whether the customer has ever had an action plan in the past, per type (1.0) (e.g. mediation, social activation, etc.).",n/a
279,pla_historie_werk,pla_history_work,int,0.209301302,"Whether the customer has ever had an action plan in the past, per type (1.0) (e.g. mediation, social activation, etc.).",n/a
280,pla_historie_werk_en_inburgering,pla_history_work_and_integration,int,0,"Whether the customer has ever had an action plan in the past, per type (1.0) (e.g. mediation, social activation, etc.).",n/a
281,pla_ondertekeningen_actueel,pla_signatures_current,int,0.616532936,Number of signatures on current action plans.,n/a
282,pla_ondertekeningen_historie,pla_signatures_history,int,8.955054151,Number of signatures on historical action plans.,n/a
283,relatie_kind_basisschool_kind,relationship_child_primary_school_child,int,0.198268562,"Number of children a customer has, by age group (e.g. teen, adult, etc.).",n/a
284,relatie_kind_heeft_kinderen,relationship_child_has_children,int,0,"Number of children a customer has, by age group (e.g. teen, adult, etc.).",n/a
285,relatie_kind_huidige_aantal,relationship_child_current_number,int,10.84799741,"Number of children a customer has, by age group (e.g. teen, adult, etc.).",Does not seem to equal the number of children by age group
286,relatie_kind_jongvolwassen,relationship_child_young_adult,int,7.991223972,"Number of children a customer has, by age group (e.g. teen, adult, etc.).",n/a
287,relatie_kind_leeftijd_verschil_ouder_eerste_kind,relationship_child_age_difference_parent_first_child,int,11.16591537,"Number of children a customer has, by age group (e.g. teen, adult, etc.).",n/a
288,relatie_kind_tiener,relationship_child_teen,int,1.029565922,"Number of children a customer has, by age group (e.g. teen, adult, etc.).",n/a
289,relatie_kind_volwassen,relationship_child_adult,int,0.32393686,"Number of children a customer has, by age group (e.g. teen, adult, etc.).",n/a
290,relatie_overig_actueel_vorm__gemachtigde,relationship_other_current_form_authorized_representative,int,0,"Summation of the number of other relationships that a customer currently has, per form (e.g. debtor, authorized representative, etc.).",n/a
291,relatie_overig_actueel_vorm__kostendeler,relationship_other_current_form_cost_sharer,int,35.48567371,"Summation of the number of other relationships that a customer currently has, per form (e.g. debtor, authorized representative, etc.).",n/a
292,relatie_overig_actueel_vorm__onderhoudsplichtige,relationship_other_current_form_maintainer,int,0.083442633,"Summation of the number of other relationships that a customer currently has, per form (e.g. debtor, authorized representative, etc.).",n/a
293,relatie_overig_actueel_vorm__ouders_verzorgers,relationship_other_current_form_parents_caregivers,int,0.243828696,"Summation of the number of other relationships that a customer currently has, per form (e.g. debtor, authorized representative, etc.).",n/a
294,relatie_overig_actueel_vorm_other,relationship_other_current_form_other,int,3.037841584,"Summation of the number of other relationships that a customer currently has, per form (e.g. debtor, authorized representative, etc.).",n/a
295,relatie_overig_bewindvoerder,relationship_other_administrator,int,1.335412782,"Whether the customer currently has another relationship, per type (1.0) (e.g., administrator, cost sharer).",n/a
296,relatie_overig_historie_vorm__andere_inwonende,relationship_other_history_shape_other_resident,int,6.990617048,"Summation of the number of other relationships that a customer has historically had, per form (e.g. debtor, authorized representative, etc.).",n/a
297,relatie_overig_historie_vorm__gemachtigde,relationship_other_history_form_authorized_representative,int,3.95071062,"Summation of the number of other relationships that a customer has historically had, per form (e.g. debtor, authorized representative, etc.).",n/a
298,relatie_overig_historie_vorm__kostendeler,relationship_other_history_shape_cost_sharer,int,3.002518966,"Summation of the number of other relationships that a customer has historically had, per form (e.g. debtor, authorized representative, etc.).",n/a
299,relatie_overig_historie_vorm__onderhoudsplichtige,relationship_other_history_form_maintainer,int,0.444446761,"Summation of the number of other relationships that a customer has historically had, per form (e.g. debtor, authorized representative, etc.).",n/a
300,relatie_overig_kostendeler,relationship_other_cost_sharer,int,20.74894957,"Whether the customer currently has another relationship, per type (1.0) (e.g., administrator, cost sharer).",n/a
301,relatie_partner_aantal_partner___partner__gehuwd_,relationship_partner_number_partner_partner_married,int,0.100737398,"Historical number of partners a client has had, by type (e.g., married, unmarried, etc.).",n/a
302,relatie_partner_aantal_partner___partner__ongehuwd_,relationship_partner_number_partner_partner_unmarried,int,0.454260785,"Historical number of partners a client has had, by type (e.g., married, unmarried, etc.).",n/a
303,relatie_partner_huidige_partner___partner__gehuwd_,relationship_partner_current_partner_partner_married,int,1.101089363,"Whether the customer has a current partner, per type (1.0) (e.g., married, unmarried, etc.).",n/a
304,relatie_partner_totaal_dagen_partner,relationship_partner_total_days_partner,int,12.44248405,Total number of days a customer has had a partner.,Tends to be >0 even if features 114-116 are 0
305,typering_aantal,type_number,int,0.073847426,"Whether the customer currently has a classification, per type (1.0) (e.g., healthcare sector, part-time work, etc.).",n/a
306,typering_dagen_som,type_days_sum,int,5.068136226,"Number of days that a customer has historically had a classification, per type. (1.0) (e.g., healthcare sector, part-time work, etc.).",n/a
307,typering_hist_aantal,type_hist_number,int,0.278248796,"Number of classification that a customer has historically had, per type (1.0) (e.g., healthcare sector, part-time work, etc.).",n/a
308,typering_hist_inburgeringsbehoeftig,type_hist_citizenship_needs,int,0,"Number of classification that a customer has historically had, per type (1.0) (e.g., healthcare sector, part-time work, etc.).",n/a
309,typering_hist_ind,type_hist_ind,int,0,"Number of classification that a customer has historically had, per type (1.0) (e.g., healthcare sector, part-time work, etc.).",n/a
310,typering_hist_sector_zorg,type_hist_care_sector,int,0,"Number of classification that a customer has historically had, per type (1.0) (e.g., healthcare sector, part-time work, etc.).",n/a
311,typering_ind,type_ind,int,0,"Whether the customer currently has a classification, per type (1.0) (e.g., healthcare sector, part-time work, etc.).",n/a
312,typering_indicatie_geheime_gegevens,type_indication_secret_data,int,0.089443959,"Whether the customer currently has a classification, per type (1.0) (e.g., healthcare sector, part-time work, etc.).",n/a
313,typering_other,type_other,int,0.214939656,"Whether the customer currently has a classification, per type (1.0) (e.g., healthcare sector, part-time work, etc.).",n/a
314,typering_transport__logistiek___tuinbouw,type_transport_logistics_horticulture,int,0.183548796,"Whether the customer currently has a classification, per type (1.0) (e.g., healthcare sector, part-time work, etc.).",n/a
315,typering_zorg__schoonmaak___welzijn,type_care_cleaning_wellbeing,int,0,"Whether the customer currently has a classification, per type (1.0) (e.g., healthcare sector, part-time work, etc.).",n/a
